配置,是否标准化,是否含直接血脂,特征数,OOF_R2,OOF_RMSE,alpha,非零特征数,主要选中变量
标准化+去总分+含血脂,是,是,17,-0.00638524055365175,20.185730539971292,1.5055709260949217,0,无
标准化+去总分+不含血脂,是,否,13,-0.006921011342029049,20.191102978538208,1.5055709260949217,0,无
