最终主模型,主模型家族,是否采用校准,特征口径,特征数,RepeatedCV_AUC均值,RepeatedCV_AUC标准差,RepeatedCV_Brier均值,RepeatedCV_F1均值,固定5折OOF_AUC,AUC_95CI,固定5折OOF_PR_AUC,PR_AUC_95CI,固定5折OOF_Brier,Brier_95CI,固定5折OOF_F1,F1_95CI
直方梯度提升树+Sigmoid校准,直方梯度提升树,是,树模型清洗口径,27,0.8993989054667577,0.019200790141092113,0.10180029363412992,0.8876074442695622,0.8948711856766026,"[0.8759, 0.9125]",0.9740279854232883,"[0.9679, 0.9802]",0.10317912417806094,"[0.0935, 0.1121]",0.8918073796122576,"[0.8762, 0.9086]"
