指标,均值_确诊组,均值_未确诊组,正态性p_确诊组,正态性p_未确诊组,组间检验,组间统计量,组间p值,效应量_Cohen_d,与痰湿Pearson_r,Pearson_p值,与痰湿Spearman_r,Spearman_p值,原始AUC,预警AUC增益,互信息,风险方向,组间FDR,Pearson_FDR,Spearman_FDR,|Pearson_r|,|Spearman_r|,|Cohen_d|,Borda_AUC,Borda_d,Borda_MI,综合得分,分层结论
TG（甘油三酯）,2.1253,0.9643,0.0,0.017313,Mann-Whitney U,139235.0,7.937315469088066e-54,1.301240683120278,-0.019580481614922974,0.5362628948716086,-0.0157614110431769,0.6186058991575425,0.8482129259035888,0.34821292590358877,0.18030425890981228,病例组更高,1.3493436297449713e-52,0.9675040231456741,0.9243182778873278,0.019580481614922974,0.0157614110431769,1.301240683120278,4.0,4.0,4.0,1.0,直接诊断核心指标
TC（总胆固醇）,6.3145,4.3399,0.0,0.025227,Mann-Whitney U,133008.5,4.192544771122707e-43,1.2042044884726506,-0.04182875481238091,0.18627957994466426,-0.03521366200089205,0.2659206284437446,0.8102813872592918,0.3102813872592918,0.1620791015661962,病例组更高,3.5636630554543013e-42,0.9675040231456741,0.9243182778873278,0.04182875481238091,0.03521366200089205,1.2042044884726506,3.0,3.0,3.0,0.6666666666666666,直接诊断核心指标
LDL-C（低密度脂蛋白）,2.6673,2.3849,0.865991,2.7e-05,Mann-Whitney U,103584.0,6.160127008119269e-09,0.4745586118604531,0.01646279741668017,0.6030750901284229,0.009876766064914007,0.7550802423656127,0.6310287479211214,0.1310287479211214,0.042745241410021784,病例组更高,2.6180539784506894e-08,0.9675040231456741,0.9243182778873278,0.01646279741668017,0.009876766064914007,0.4745586118604531,2.0,2.0,1.0,0.3,直接诊断核心指标
HDL-C（高密度脂蛋白）,1.2805,1.3932,0.876509,0.006864,Mann-Whitney U,62707.0,1.658487107738268e-07,-0.44235677143486274,0.015118932039061988,0.6329833888195672,0.01389841673447479,0.6606774556050736,0.38200802919263366,0.11799197080736634,0.052836397223209985,病例组更低,5.638856166310111e-07,0.9675040231456741,0.9243182778873278,0.015118932039061988,0.01389841673447479,0.44235677143486274,1.0,1.0,2.0,0.03333333333333333,直接诊断核心指标
