配置,是否标准化,是否含活动总分,是否含直接血脂,特征数,AUC,F1,非零特征数,主要选中变量
泄漏对照：标准化+去总分+保留直接血脂,是,否,是,30,0.9756626520703499,0.9571162212554382,8,TG（甘油三酯）(2.3920)；TC（总胆固醇）(1.7333)；HDL-C（高密度脂蛋白）(-0.3457)；血尿酸(0.3417)；LDL-C（低密度脂蛋白）(0.2867)；性别(-0.0283)；血瘀质(-0.0191)；气虚质(0.0003)
标准化对照：不标准化+去总分+去直接血脂,否,否,否,26,0.6449305822078453,0.8845510317902956,1,血尿酸(0.0035)
共线性对照：标准化+保留总分+去直接血脂,是,是,否,29,0.6434806976503341,0.8845510317902956,1,血尿酸(0.1958)
正式口径：标准化+去总分+去直接血脂,是,否,否,26,0.6434685137464895,0.8845510317902956,1,血尿酸(0.1958)
