指标,均值,标准差,CI下界,CI上界,成功率
T_low,20.062564499999997,1.2881233673204342,18.2260025,22.3889,1.0
T_high,49.685900999999994,0.4387805785120817,48.797174999999996,50.635682499999994,1.0
