分析组,患者数,动态平均最终积分,静态平均最终积分,平均终点改善值,动态平均下降率(%),静态平均下降率(%),动态平均总成本,静态平均总成本,动态优于静态人数,需要切换人数,最终积分Wilcoxon p,总成本Wilcoxon p
总体,278,38.5797,38.6553,0.0756,35.5687,35.4434,1310.1942,1304.8201,15,15,0.000317,0.000546
最大强度=1,92,44.1529,44.1529,0.0,26.49,26.49,971.1957,971.1957,0,0,,
最大强度=2,171,36.2494,36.2494,0.0,39.3658,39.3658,1432.924,1432.924,0,0,,
最大强度=3,15,30.9627,32.3633,1.4007,47.9633,45.6413,1990.2667,1890.6667,15,15,0.000317,0.000546
