编号,体质,样本量,发病率,RR,ARR,Cohen_h,chi2_p,独热β,积分多元β,Borda_pts,贡献排名
3,阳虚质,73,0.863013698630137,1.0882896577933632,0.07001369863013696,0.18641365226620987,0.0473055481748536,0.4242954498333964,0.020045363033456273,41,1
8,气郁质,73,0.7397260273972602,0.9328197066800255,-0.053273972602739805,-0.12608338657291185,0.0473055481748536,-0.30126661110847874,0.012260220803108521,35,2
7,血瘀质,79,0.759493670886076,0.9577473781665523,-0.03350632911392404,-0.08044777557954141,0.023066880418631964,-0.20300175135489953,-0.0478965574636971,34,3
1,平和质,187,0.8181818181818182,1.031755130115786,0.025181818181818194,0.0636613989253636,0.0023308460024899728,0.1325156865014591,0.0824257556496825,31,4
5,痰湿质,278,0.7733812949640287,0.9752601449735545,-0.019618705035971296,-0.047620811863278156,0.11503616770652499,-0.13709957953976118,-0.008624741402256502,23,5
9,特禀质,57,0.8070175438596491,1.0176766000752195,0.01401754385964904,0.03504925830221506,0.07443432617004772,0.05899032243400388,-0.015149083454382102,20,6
6,湿热质,77,0.8051948051948052,1.0153780645583925,0.012194805194805203,0.030438765279576785,0.029410254583530814,0.04887441263492151,-0.050621399036343884,19,7
2,气虚质,90,0.8,1.008827238335435,0.007000000000000006,0.017387506933148167,0.012772720129190458,0.015895521198201007,0.12160802748509943,16,8
4,阴虚质,86,0.7906976744186046,0.9970966890524647,-0.0023023255813954258,-0.005670974061429579,0.009608824426226502,-0.036868794519964096,0.0024781809074325128,6,9
