feature,VIF
ADL总分,inf
IADL总分,inf
活动量表总分（ADL总分+IADL总分）,inf
LDL-C（低密度脂蛋白）,1.0273106440776953
TC（总胆固醇）,1.0185183175530985
TG（甘油三酯）,1.0180880159796304
HDL-C（高密度脂蛋白）,1.013638440853997
BMI,1.0103451305153255
血尿酸,1.0050521500519134
空腹血糖,1.004096358254089
