feature,VIF
LDL-C（低密度脂蛋白）,1.0313086895152894
IADL做饭,1.0300156732244479
TC（总胆固醇）,1.0283546742217529
TG（甘油三酯）,1.0235852477745127
HDL-C（高密度脂蛋白）,1.0226452507753814
ADL用厕,1.0186794440838165
ADL吃饭,1.0168527195205213
IADL交通,1.016069939652577
空腹血糖,1.014870152682142
BMI,1.0143486191180207
血尿酸,1.0140760137588034
IADL服药,1.0140708050150713
ADL步行,1.0131970232255756
IADL理财,1.013118019402983
ADL洗澡,1.0125268877585407
IADL购物,1.0116727854629883
ADL穿衣,1.0076083051031146
