S_total,n,prevalence%
0,1,0.0
1,14,7.142857142857142
2,39,23.076923076923077
3,97,56.70103092783505
4,143,67.13286713286713
5,186,76.88172043010752
6,181,87.84530386740332
7,155,96.7741935483871
8,92,95.65217391304348
9,54,100.0
10,29,100.0
11,5,100.0
12,4,100.0
