decile,n,observed_positive,predicted_positive,observed_rate,predicted_mean
0,30,14,10.877728600149162,0.4666666666666667,0.3625909533383054
1,30,13,12.763492184585411,0.43333333333333335,0.42544973948618037
2,30,15,13.800842299681925,0.5,0.46002807665606416
3,30,17,20.322568748909973,0.5666666666666667,0.677418958296999
4,49,48,47.52747347883511,0.9795918367346939,0.9699484383435737
5,16,16,15.878593278060313,1.0,0.9924120798787696
6,115,115,114.99555624406476,1.0,0.9999613586440413
