comparison,auc1,auc2,z,p
LR_WOE_vs_GBDT,0.8401,0.8827,-2.28,0.022602
LR_WOE_vs_RF,0.8401,0.8609,-1.265,0.206023
LR_WOE_vs_Scorecard,0.8401,0.8391,0.449,0.653691
GBDT_vs_RF,0.8827,0.8609,2.32,0.020365
GBDT_vs_Scorecard,0.8827,0.8391,2.356,0.018491
RF_vs_Scorecard,0.8609,0.8391,1.32,0.186779
