scenario,agree%,low%,med%,high%
baseline,100.0,5.3,31.4,63.3
S_prog x0.75,84.89999999999999,9.5,38.1,52.400000000000006
S_prog x1.25,88.1,5.3,19.5,75.2
"cut(1,6)",96.2,1.5,35.199999999999996,63.3
"cut(3,6)",91.5,13.8,22.900000000000002,63.3
"cut(2,5)",88.1,5.3,19.5,75.2
"cut(2,7)",90.5,5.3,40.9,53.800000000000004
