{
  "1": {
    "S0": 64.0,
    "K": [
      1
    ],
    "age": 2,
    "score": 38.0,
    "tau_sweep": {
      "1.0": {
        "n_front": 21,
        "n_ed": 13,
        "S6": 38.80672008601601,
        "C": 1000.0,
        "kseq": [
          1,
          1,
          1,
          1,
          1,
          1
        ],
        "fseq": [
          10,
          10,
          10,
          10,
          10,
          10
        ],
        "tv_rms": 0.0
      },
      "1.5": {
        "n_front": 25,
        "n_ed": 20,
        "S6": 38.80672008601601,
        "C": 1000.0,
        "kseq": [
          1,
          1,
          1,
          1,
          1,
          1
        ],
        "fseq": [
          10,
          10,
          10,
          10,
          10,
          10
        ],
        "tv_rms": 0.0
      },
      "2.0": {
        "n_front": 25,
        "n_ed": 19,
        "S6": 38.80672008601601,
        "C": 1000.0,
        "kseq": [
          1,
          1,
          1,
          1,
          1,
          1
        ],
        "fseq": [
          10,
          10,
          10,
          10,
          10,
          10
        ],
        "tv_rms": 0.0
      },
      "2.5": {
        "n_front": 26,
        "n_ed": 25,
        "S6": 38.80672008601601,
        "C": 1000.0,
        "kseq": [
          1,
          1,
          1,
          1,
          1,
          1
        ],
        "fseq": [
          10,
          10,
          10,
          10,
          10,
          10
        ],
        "tv_rms": 0.0
      },
      "inf": {
        "n_front": 26,
        "n_ed": 26,
        "S6": 38.80672008601601,
        "C": 1000.0,
        "kseq": [
          1,
          1,
          1,
          1,
          1,
          1
        ],
        "fseq": [
          10,
          10,
          10,
          10,
          10,
          10
        ],
        "tv_rms": 0.0
      }
    }
  },
  "2": {
    "S0": 58.0,
    "K": [
      1,
      2
    ],
    "age": 1,
    "score": 40.0,
    "tau_sweep": {
      "1.0": {
        "n_front": 77,
        "n_ed": 27,
        "S6": 37.10485697024,
        "C": 840.0,
        "kseq": [
          1,
          1,
          1,
          1,
          1,
          1
        ],
        "fseq": [
          7,
          8,
          10,
          10,
          10,
          10
        ],
        "tv_rms": 1.0
      },
      "1.5": {
        "n_front": 71,
        "n_ed": 29,
        "S6": 37.495434412032,
        "C": 828.0,
        "kseq": [
          1,
          1,
          1,
          1,
          1,
          1
        ],
        "fseq": [
          10,
          10,
          10,
          10,
          8,
          6
        ],
        "tv_rms": 1.2649110640673518
      },
      "2.0": {
        "n_front": 74,
        "n_ed": 28,
        "S6": 37.482969174527994,
        "C": 828.0,
        "kseq": [
          1,
          1,
          1,
          1,
          1,
          1
        ],
        "fseq": [
          10,
          10,
          10,
          10,
          9,
          5
        ],
        "tv_rms": 1.8439088914585775
      },
      "2.5": {
        "n_front": 74,
        "n_ed": 37,
        "S6": 37.079926495232,
        "C": 840.0,
        "kseq": [
          1,
          1,
          1,
          1,
          1,
          1
        ],
        "fseq": [
          10,
          10,
          10,
          10,
          10,
          5
        ],
        "tv_rms": 2.23606797749979
      },
      "inf": {
        "n_front": 74,
        "n_ed": 37,
        "S6": 37.079926495232,
        "C": 840.0,
        "kseq": [
          1,
          1,
          1,
          1,
          1,
          1
        ],
        "fseq": [
          10,
          10,
          5,
          10,
          10,
          10
        ],
        "tv_rms": 3.1622776601683795
      }
    }
  },
  "3": {
    "S0": 59.0,
    "K": [
      1,
      2,
      3
    ],
    "age": 1,
    "score": 63.0,
    "tau_sweep": {
      "1.0": {
        "n_front": 123,
        "n_ed": 29,
        "S6": 37.343057629440004,
        "C": 902.0,
        "kseq": [
          1,
          1,
          1,
          1,
          1,
          1
        ],
        "fseq": [
          7,
          9,
          10,
          10,
          10,
          10
        ],
        "tv_rms": 1.0
      },
      "1.5": {
        "n_front": 119,
        "n_ed": 40,
        "S6": 37.736142446592005,
        "C": 890.0,
        "kseq": [
          1,
          1,
          1,
          1,
          1,
          1
        ],
        "fseq": [
          6,
          9,
          10,
          10,
          10,
          10
        ],
        "tv_rms": 1.4142135623730951
      },
      "2.0": {
        "n_front": 119,
        "n_ed": 38,
        "S6": 38.129227263744,
        "C": 878.0,
        "kseq": [
          1,
          1,
          1,
          1,
          1,
          1
        ],
        "fseq": [
          5,
          9,
          10,
          10,
          10,
          10
        ],
        "tv_rms": 1.8439088914585775
      },
      "2.5": {
        "n_front": 119,
        "n_ed": 43,
        "S6": 37.719235572736004,
        "C": 890.0,
        "kseq": [
          1,
          1,
          1,
          1,
          1,
          1
        ],
        "fseq": [
          5,
          10,
          10,
          10,
          10,
          10
        ],
        "tv_rms": 2.23606797749979
      },
      "inf": {
        "n_front": 119,
        "n_ed": 43,
        "S6": 37.719235572736004,
        "C": 890.0,
        "kseq": [
          1,
          1,
          1,
          1,
          1,
          1
        ],
        "fseq": [
          5,
          10,
          10,
          10,
          10,
          10
        ],
        "tv_rms": 2.23606797749979
      }
    }
  }
}